"Did,BJP,make,right,decision,giving,seat,Murli,Manohar,Joshi"
"With,50,votersWayanad,contest,feels,less,likely,get,elected,frm,69,voters"
"keep,check,motivated,sting,operation,media,Such,operations,done,months,back,aired,right,time,order,unnerve,govt/parties,help,foes,This,illegal"
"If,religion,opium,Karl,slaves,Communism,.Plastic,rice,...,looks,beautiful,outside,Artificial,ideology,allow,handful,loot,nation"
"My,request,citizens,plz,NO,MORE,SHAME"
"Whom,shall,vote"
"Five,years,ago,PM,sold,us,dreams.He,selling,us,T-shirts,Mode,Mode,ğŸ˜²ğŸ˜²ğŸ˜²ğŸ˜‚,ğŸ‡®ğŸ‡³"
"Is,end,fantastic,era,Murli,Manohar,Joshi,ji,LK,Advani,ji,After,serving,people,many,decades,poll,fray,let,new,faces,I,great,fan,Murli,Manohar,Joshi,ji,past,years"
"promise,72000,rs,per,yr,poor,different,terrorist,outfits,promise,72,virgins,death,18,Lakh,Crore,freebies,per,year,increase,fical,deficit,India"
"What,constituency,candidate,still,declared,Party,workers,eagerly,waiting,start,prachar,ğŸ™,Need,energetic,candidate,âœ‹âœŒâœŒ"
"Will,takes,seat"
"My,opinion,Telangana,Lok,sabha,election,seat,sharing,...,TRS,06,CONGRESS,08,BJP,02,MIM,01"
"Giriraj,Singh,Ji,vertern,politician,guard,His,sentiments,respected,Begusarai,longer,safe,seat,fray,Better,send,Giriraj,Ji,Nawada,comfortable"
"If,govt,start,giving,fixed,salary,'s,people,instead,benefit,hurt,nation,people,Freebies,make,people,lazy,govt,n't,kuber,ka,khajana,take,money,taxes,Tax,rates,risen,Pt,1"
"undergoes,metamorphosis,Bravo,potential,PM,..U,CAN,DO,IT"
"In,ignore,Muslims,KarnatakaMuslim,leaders,also,shown,strength,ji,calculation,u,done,I,â€™,one,seat,given,Karnataka"
"Modi,government,allotted,Rs2,lakh,crore,2.5,lakh,village,panchayats,country,Earlier,village,sarpanches,run,pillars,posts,getting,small,work,done,village,Rupala"
"Your,trustworthiness,gone,vain"
"Ambani,developed,business,empire,Congress,regimes,Rupala"
"In,2014,election,promising,shall,make,roads,like,chicks,Hema,Malani,But,one,goes,states,one,finds,knee-deep,potholes,Rupala"
"My,first,advice,need,respond,every,questions,Leaders,various,levels,respond,For,example,candidate,like,Modi,become,PM,Rupala"
"Amreli,district,map,broad,gauge,railway,line,country,We,always,told,broad,gauge,line,district,viable,But,Suresh,Prabhu,made,viable,put,Amreli,board,gauge,map,Rupala"
"Finally,tickets,Son,got,ticket,Mother,So,wo,n't,join"
"``,In,2014,election,Mohan,Kundariya,Rajkot,Lok,Sabha,seat2.46,lakh,votes,Let,us,resolve,make,Kundariya,victorious,3,lakh,votes,election,'',says,Narhari,Amin,BJP,in-charge,Rajkot,Parliamentary,seat"
"BJP,releases,another,list,candidates,Jaya,Prada,contest,Rampur,Varun,Gandhi,Pilibhit,Maneka,Gandhi,Sultanpur,Rita,Bahuguna,Joshi,Allahabad"
"I,want,assure,entire,country,atmosphere,Modi,becoming,PM,one,time,Prabhu"
"We,want,win,election,change,``,takdir,tasvir,'',country,Prabhu"
"Just,imagine,would,condition,farmers,government,adopted,policies,farmers,Prabhu"
"Interesting,contest,expected,Rampur.Jaya,Prada,take,Azam,Khan"
"Dont,really,care,wins,elections,...,.Mumbai,roads"
"A,young,dynamic,hard,working,man,like,deserves,Hope,voters,give,chance,prove,Best,wishes,young,man,may,emerge,victorious"
"BJP,releases,another,list,candidates,Jaya,Prada,contest,Rampur,Varun,Gandhi,Pilibhit,Maneka,Gandhi,Sultanpur,Rita,Bahuguna,Joshi,Allahabad"
"Victory,March,BJP,starts,Arunachal,Pradesh,Sir,Kento,Jini,uncontested,Alo,East,constituency,Jo,Bina,Lade,Hi,Jung,Jeet,Jaaye,Wo,Modi"
"I,vote,election,considering,issues,like,Unemployment,Farmers,crisis,Communal,Violence,Inequality,Enviornmental,destruction,Mob,Lynchings,Women,Safety,Ganga,Cleaning,Air,Pollution,etc"
"Best,Ji"
"Isn,â€™,interesting,note,knows,Election,Manifesto,Promises,hollow,routine,never,gon,na,fulfilled,But,still,vote"
"There,Modi,Wave,niw,Now,'s,Modi,Tsunami,Starts,...,ğŸŒŠğŸŒŠğŸŒŠ"
"Every,time,I,hear,news,missing,tickets,hurts,lot,becoming,leader,oriented,party,respect,local,leaders,values,nothing"
"Country,fighting,Against,For,less,educated"
"Would,participating,voting,upcoming,election"
"I,shall,ask,respected,asking,votes,nizamabad,minoritiestirple,talaq,bill,passing,Loksabha,session,didnt,vote,minorities"
"President,Hyderabad,MP,Candidate,Barrister,Asaduddin,Paidal,Daura,Today,In,Various,Places,Of,Assembly,Constituency"
"Film,actress,Joins"
"Trending,Indian,politics,Rahul,Gandhi,Ji,campaign"
"PIL,filed,Mumbai,HC,movieThe,petitioner,alleged,moviepropaganda,gain,influence,votes,Modi,candidate,demands,stay,release,movie"
"I,'ll,voting,1st,time,bt,2,questions,1,Why,vote,Why,vote,representative,Lets,see,guide,lead,youth,better"
"``,Like,I,told,contest,'',Veteran,leader,told,supporters,party,leadership,asked,contest,â€œ,Kanpur,â€,All,Margdarshaks,reduced,Darshak,Ca,n't,go,Modi-Shah"
"BDJS,constituent,Kerala,NDA,announces,candidates,Idukki,Biju,Krishnan,Alathur,TV,Babu,Thazhava,Sahadevan,President,Thushar,changes,stance,says,'ll,contest,unclear,whether,Thrissur,Wayanad"
"Former,CM,Maharashtra,Shri,contest,Pune,Looks,like,playing,front,foot"
"Sharma,ji,ka,beta,processing,social,security,Abroad,Thank,God,government,helping,us,RAHUL,HOW,COME,YOU,WASTING,HARD,EARN,MONEY,ON,SOCIAL,SECURITY"
"Both,Ambareesh,Kumaraswamy,fighting,elections,emotion,family,name,Neither,done,anything,deserve,seat,In,end,loser,public"
"Thrilled,know,going,contest,finally,would,great,content,show"
"Distribute,ur,money,free,Mr.,â€™,tax,money,urs,You,even,paying,proper,taxes"
"â€œ,Somewhere,inside,us,power,change,world.,â€,Roald,Dahl,Do,vote.."
"â€™,candidate"
"The,parties,file,independents,candidates,demand,symbol,token,â€™,demanding.."
"completing,Hyderabad,chief,Barrister,leave,schedule,wise,...,Wait,Schedule,And,More,Updates"
"Luru,south,contestant,ğŸ˜"
"4th,generation,â€œ,Garibi,Hatao,â€,If,still,eliminated,thn,means,either,Garibs,serious,intentions,Garibs,still,hence,Intentions,...,Vote,wisely"
"There,big,difference,says,explain,better,poverty,trapped"
"absurd,discotheque,put,kind,youngsters,like,country,belongs,born,leaders,like,people,country,never,forgive"
"Giriraj,Singh,BJP,My,self,respecthurt,MP,'s,seat,changed,Bihar,It,decided,without,talking,State,BJP,leadership,tell,done,I,'ve,nothing,Begusarai,I,ca,n't,compromise,self,respect"
"Whatever,happens,part,cabinet,They,everyone,...,As,long,power"
"Giriraj,Singh,BJP,My,self,respecthurt,MP,'s,seat,changed,Bihar,It,decided,without,talking,State,BJP,leadership,tell,done,I,'ve,nothing,Begusarai,I,ca,n't,compromise,self,respect"
"Release,Modi,Biopic,nothing,short,election,gimmick,Why,release,elections,Election,Commission,take,action,supposed,believe,transparency,system"
"Good,see,inducting,youth,politics,glad,tejswi,surya,contesting,unban,Bangalore,south,congress,must,learn"
"When,250,turmeric,farmers,file,nomination,LS,seat,strong,indication,well,behind,â€˜,rosy,â€™,picture,painted,state,govt"
"Folks,voting,Do,think,Congress,leader,'s,mentor,'s,comments,absolving,'s,role,supporting,terror,attacks,India"
"Who,win"
"Earlier,reservation,used,tool,win,election,freebies,new,tool,last,couple,decade"
"Who,Ashwat,Narain"
"Support,vote,party,really,working,showing,good,work,start,locality,building,gutters,maintaining,cleanliness,.water,supply,abundant,electricity,cut"
"By,introducing,policy,plan,shifted,agenda,back,rural,distress,It,important,opposition,keep,hitting,economy,jobs,â€™,driving,anti-incumbency,getting,interesting"
"The,day,India,political,rallies,take,place,live,TV,public,grounds,saving,tax,payers,money,time,convenience,day,I,believe,mera,bharat,badal,raha,hai"
"My,country,imp,compared,IPL,Hence,tweets,limited,politics,current,affairs,Thank"
"Its,natural,n't,allow,film,release,till,elections,level,playing,field"
"Another,desperate,attempt,today,get,votes,Distributing,Rs,72K,per,year,economic,weaker,section,group,rather,making,capable,stand,feet,make,future,bright,Wah,Pappu"
"The,JNU,terrorist,Injured,VC,'s,Wife,arrested,booked,severe,IPC"
"Con-Party,assume,power,grand,alliance,The,alliance,nowhere,place,Hence,completion,Modi,He,â€™,win,hands"
"Political,gimmick,raised,ahead,Congress,'s,policies,always,'spoon,feeding,',This,weakened,India,long,run,still,want,continue,sake,votes"
"Since,ji,announced,All,providing,details,done,past,70,Years,Make,sure,dont,miss,Reality,lies,âœŒğŸ¼"
"See,â€™,going,They,promised,offering"
"It,'s,absolutely,stupid,compare,response,in26/11,n,Ever,said,party,politicise,defence,minister,continues"
"This,killer,Statistics..,In,2014,got,70,BJP,282,seats,In,2019,got,70,......"
"Vote,powerful,tool,democracy,use,protect,nation,Vote,modi"
"With,15,days,away,person,remained,helm,Chief,Minister,15,years,What,makes,people,think,remain,prime,minister,5,With,experience,might,remain,prime,position,15,hook,crook"
"â€œ,If,â€™,vote,lose,right,complain.,â€,George,Carlin,Let,'s,vote,strengthen,democracy.."
"master,stroke,hit,straight,park"
"~,35-37,Seats,~,16,~,13-15,~,6"
"Whichever,party,parties,comes,power,Deputy,PM,South"
"Delhi,Nationalist,Congress,Party,NCP,releases,election,manifesto,source,ANI"
"Who,winner"
"This,last,chance,dear,voters,India,never,BJP,comes,back,power,Remember,vote,change,fortune,beautiful,nation,Choose,wisely,Thank"
"President,Hyderabad,MP,Candidate,Barrister,Asaduddin,Paidal,Daura,Today,In,Various,Places,Of,Assembly,Constituency"
"Existing,MPs,Rajya,Sabha,MLCs,fighting,MORALLY,first,Resign,existing,post,submitting,nomination,papers,Think"
"If,ji,dont,take,forming,demand,Indian,families,seriously..then,Indian,Men,wont,option,get,Anticipatory,Bail,marriage,...,ğŸ˜Š"
"contest,Releases,manifesto,promises,50,lakh,jobs,equal,pay,women,100,profit,farmers"
"Narendra,Modi,became,CM,PM,despite,biased,vicious,mediaA,political,arriviste,like,wants,prop,help,media"
"â€œ,Main,Bhi,Chowkidar,â€,Is,Just,Another,Election,Gimmick,From,Brand,Modi,''"
"Do,think,release,film,PM,Modi,voilation,code,conduct,ahead"
"People,show,real,Power,voting,â€™,find,right,candidate,family,members"
"In,news,survey,majority,members,chowkidar,campaign,Rajasthan"
"If,want,really,put,names,adhar,card,voter,id,too..,Changing,name,n't,make"
"Delhi,funny,place,CM,67,seats,begging,party,alliance,0,seats..and,funniest,part,party,0,seats,rejecting,offer,ğŸ˜†"
"Who,next,Prime,Minister,2019"
"observers/participants,Indian,politics,I,support,electoral,outcome,opposition-party-led,government,'Yes,'OR,'No,'I,think,appropriate,describe,opposition,``,united,'','Yes,'OR,'No,'"
"In,many,constituencies,votes,would,winning,margin"
"I,wd,req,fellow,indians,2,go,n,chk,part,serial,numbers,voting,booth,CEC,website,rather,cryin,voting,day,tat,ur,name,deleted"
"à¤¯à¥‡,à¤¹à¥€,à¤¹à¥‹à¤—à¤¾,à¤”à¤°,à¤•à¥à¤›,à¤…à¤¸à¤®à¥à¤­à¤µ,UP,elections,would,replicated,BJP,BJP,get,309,seats,No,less,à¤¦à¤²à¤¬à¤¦à¤²à¥‚,increase,BJP,tally,marginally,NDA,may,reach,341,349"
"Predict,outcome,Who,win"
"Still,people,voting,Modi,saying,n't,seen,local,MPs,2014,elections,BJP,MPs,dumb,always"
"contest,Releases,manifesto,promises,50,lakh,jobs,equal,pay,women,100,profit,farmers"
"900,Million,people,choose,ğŸ‡®ğŸ‡³,INDIA,â€™,next,PM,7,phases,Which,going,start,11th,April,run,till,May,19,Don,â€™,forget"
"Lead,us,temptation,Just,tell,us,'ll,find,it-Sam,Levenson"
"Continuing,analysis,central,Karnataka,BJP,candidate,expect,toss-up,regardless,new,faces,sides,In,looking,4th,term,The,Congress,â€™,named"
"As,long,Gandhi,family,UPA,keep,loosing,Rest,Cong,leaders,need,understand"
"Kamal,Hassan,contest,elections"
"Voting,RIGHT,â€™,POWER,ğŸ‡®ğŸ‡³"
"Vote,Yourself,vote"
"Do,vote,ğŸ—³,candidates,candidates,give,chance,next,PM"
"For,deserving,criticism,let,'s,remember,alternative,is-,broken,alliance,comprising,Congress,Mamta,Yadavs,MP,Rajasthan,already,reeling,Think,vote"
"Malkajgiri,Cong,candidate,Revanth,reddy,says,urgent,need,make,Hyd,second,capital,One,v.few,seats,Cong,hopes"
"After,Congress,also,take,member,They,huge,fan,base,Delhi,They,prove,crucial,INC,â€™,win"
"H.raja,vs,karthi,chidambaram,wat,biggest,karumanthiram,battle,earth,ğŸ˜·ğŸ¤’,pity,sivaganga,people,ğŸ˜¢,r,worst,ğŸ˜ª,chance,new,winner,least,constituency,ğŸ˜ğŸ¤"
"Stuck,traffic,hours,Parson,near,Upper,Ganga,Canal,hope,blockage,sorted,elections,Mr,CM"
"Some,men,thrash,man,home,Kashmiri,student,beaten,ridiculed,MLA,Will,question,â€˜,WHY,â€™,answered,Or,filled,hate,communal,politics"
"Balu,Dhanorkar,sitting,Shiv,Sena,MLA,Bhadravati,Chandrapur,district,allotted,congress,ticket,BJP,heavyweight,minister,state,home,Hansraj,Ahir,last,minute,drama,Chandrapur,parliamentary,constituency"
"Congratulations,k,nomination,Best,Wishes"
"The,announced,candidate,constituency"
"The,way,David,Warner,performs,wearing,orange,I,get,surprised,BJP,approaches,upcoming,loksabha,elections"
"INC,names,candidate,Sivaganga-,Karti,Chidambaram,He,Ll,take,H,Raja,reprisal,2014,fixture"
"UPmake,biggest,dent,BJP,â€™,seat,count..,UPmake,BJP,Modi,Cry,Save,tweet,BJP,get,<,15,seats,UP"
"The,public,discourse,elections,already,lowest,filthiest,incumbents,But,n't,incumbents,scum,earth"
"Gautam,Gambhir,got,busy,IPL,commentary,stuff,forgot,complete,formalities,joining,BJP,He,yet,add,``,Chowkidar,'',name"
"President,Hyderabad,MP,Candidate,Barrister,Asaduddin,Paidal,Daura,Today,In,Jahangirabad,Mohammed,Nagar,Ghouse,Nagar,Weaker,Section,Colony,In,Chandrayangutta,Divisions,Under,Constituency"
"missing,â€™,star,campaigners,list"
"Unlike,chief,contest,Azam,Khan,Rampur"
"Amidst,forgot,prices,rising,alarming,high,With,suffering,like,progress,owing,fact,'s,still,agriculture,based,country"
"How,'s,wife,After,caught,3kg,Gold,â‚¹60L"
"Our,says,problem,climate,change,Actually,ageing,body,able,bear,cold,heat,hence,feel,changing,Now,beat"
"yadavakhilesh,contest"
"Politics,gentle,art,getting,votes,poor,campaign,funds,rich,promising,protect,Oscar,Ameringer"
"|,Union,minister,candidate,Jaipur,Rural,gets,notice,district,election,officer,poll,code,violation,asked,file,reply,within,7,days,Notice,issued,Friday,The,complaint,received,c-vigil,app"
"releases,8th,list,fields,Bhopal"
"We,â€™,30,days,away,Kerala,â€™,polling,day,Request,BJP,karyakarthas,supporters,let,us,work,bit,day,ensure,great,victory,us,make,PM,Kerala,ready,saffron,tide,ğŸ‘ğŸ»"
"I,vote,I,concerned,future,child"
"BJP,clicked,button,tickets,Shanawaz,Hussain,given,seat"
"CM,president,seek,blessings,Ambabai,Mahalaxmi,temple,launching,joint,campaign,alliance"
"``,If,â€™,vote,lose,right,complain,'',George,Carlin"
"All,best,LokSabhaElection2019,...,new,chapter,guys,...,Give,fullest,...,I,'m,always,support"
"It,seems,â€œ,go,back,Pakistan,â€,rhetoric,last,resort,righteous,chowkidars,response,inclusive,development,south"
"candidate,Patna,Sahib,seat"
"Congratulations,I,sure,win"
"Jb,apni,paramparik,seat,harne,ka,dar,ho,ye,dar,acha,hai,Jb,vanshvaad,ka,khel,khtm,hone,pr,ho,veh,loktantar,acha,hai,best,may,create,history,defeating"
"First,list,Karnataka,Rizwan,Arshad,Bangalore,Central,Mithun,Rai,Dakshina,Kannada,Both,good,choices,Suprise..surprise,Shamanur,Shivashankarappa,Davanagere"
"ğŸ‘‰,``,ensure,victory,even,``,'','',Ajay,Tharayil,Senior,congress,leader,ğŸ˜­,decided,contest,wayanad,News,Is,pursuit"
"BJP,like,Grill,Tandoori,Chicken-,full,packageğŸ˜ğŸ˜‡,Milawat,like,single,leg,piece,only..ğŸ—,Rest,like,kheemağŸ˜‚ğŸ˜œ,How,much,ever,u,search,u,find,part,u,r,eating,Only,option,ask,``,NIKHIL,YELLIDIYAPPA,''"
"Sivakanga,Congress,candidate,likely,announce,midnight,usual.."
"No,candidate,Will,support,independent,candidate,Sumalatha,Ambreesh,Will,cause,issues,Nikhil,Kumarswamy,son,also,contests,Mandya,seat"
"Mindless,harsh,'Horn,',blowing,Bus,drivers,synonyms,Rs80/month,'Kanyashree,',rants,..both,going,..,needs,respite.."
"From,leading,newspapers,already,rubbished,making,proud"
"Legendary,Indian,Politician,Himanta,Biswa,Sarma,took,dig,Badruddin,Ajmal,saying,Ajmals,existence,state,politics,wiped"
"Congratulations,n,Best,wishes,getting,BJP,MP,ticket,Kolar,Constituency,upcoming,Wish,Muniswamy,ji,great,success,like,political,guru,ji,ğŸ’"
"All,best,ji,upcoming"
"BJD,might,pit,new,faces,place,sitting,MPs,MLAs,face,growing,resentment,among,party,cadres,declaration,candidates,first,list,Let,â€™,wait"
"Big,blunder,find,candidate,It,'s,equivalent,supporting,Congress"
"vs,one,similarities,sided,match,ğŸ¤”"
"For,Rahul,Wayanad,good,decision,geographically,He,could,easily,influence,TN,KTK,KL,contesting,south,states,One,wisest,strategies,Also,demographically,â€™,one,Kerala,â€™,underdeveloped,tribal,districts"
"Who,win"
"Latest,opinion,poll,IndiaTv,says,NDA,expected,win,285,seats,UPA,expected,win,around,125,Nearly,every,poll,channels,indicating,NDA,victory,Still,voters,choice,final,choice,result,come"
"What,criteria,vote,While,choice,clear,â€™,nothing,anyone,else,How,I"
"Nonsense,guy,challenges,contest,south,India,I,want,tell,sir,pls,contest,Bangalore,south,everyone,ensure,win,huge,margin"
"Former,IAS,topper-turned-politician,Shah,Faesal,Saturday,said,party,â€™,contest,upcoming,Lok,Sabha,elections"
"Yes,â€™,official,contest,wayanadğŸ”¥ğŸ‘Œ"
"If,archana,ji,get,ticket,congress,sure,winğŸ‘"
"à¤¦à¤¿à¤²à¥à¤²à¥€,à¤¸à¥à¤ªà¥‡à¤¶à¤²,Delhi,funny,place,CM,``,67,'',seats,Begging,party,alliance,``,0,'',seats..and,funnier,part,party,``,0,'',seats,reject,offer,ğŸ˜‚ğŸ˜‚ğŸ˜‚ğŸ˜‹ğŸ˜‹ğŸ˜‹ğŸ˜‹ğŸ˜‚ğŸ˜‚ğŸ˜‚,Too,much,fun"
"Dear,betrayed,Dakshina,Kannada,denying,ticket,The,ratio,Bunts/Muslims/Billava,almost,equal,Again,Congress,neglected,suppressed,political,empowerment"
"AAP,MP,Sanjay,Singh,Arvind,Kejriwal,'s,rally,cancelled,Delhi,It,'s,possible,neutral,elections,nose,Delhi,Police,Today,police,cancelled,CM,'s,rally,whereas,Dr,Harshvardhan,BJP,held,rally,March,4"
"CM,announced,state,'s,senior,leader,largely,behind,scenes,past,years,fight"
"Has,forgotten,loyal,SirPareshRawal,All,hate,venom,spewed,nothing,Too,bad,..."
"story,fall,many,partiesğŸ‘‡,Congress,Not,able,field,candidates,full,India,SP,Not,able,field,candidates,full,UPBSP,Not,able,field,candidates,full,UP"
"situation,Maharashtra,worsening,contest,party,cong,/ncp,ticket,It,means,much,popular,expected"
"Congratulation,loving,Union,Minister,Law,Minister,Shri,getting,nominated,candidate,Patna,I,wish,Shri,Ravi,Shankar,Prasad,best,upcoming,I,wish,BJP,comes,power,2019"
"Don,â€™,think,Cong,move,cowardly,act,Rather,decision,hit,hard,CPIM"
"become,secular,next,days"
"Dear,pls,allow,2,contest,strong,candidate,win,gift,even,see,arithmetics"
"Congratulations,ğŸ˜Š"
"Best,wishes,congratulations,ji,victory"
"In,social,media,people,voting,But,comes,actual,election,nobody,goes,hometown,vote,Right,know"
"BJP,finally,says,KHAMOSHH,...,Shatrughan,Sinha,Patna,Sahib"
"Sometimes,answer,like,govt,working,project,Ex,This,happens,bcz,previous,developer,work,properly.ğŸ™ƒ,ğŸ¤£"
"On,23rd,March,Pakistan,Day,I,Urge,Indians,Henceforth,Let,'s,use,Pakistan,discussions,use,POK,Pakistan,occupied,Kashmir,RAM,RAM."
"Wishing,happy,birthday,ji,upcoming,ğŸ™"
"Smriti,Irani,Rahul,Gandhi,think,win,seat"
"Minister,contest,ticket,undecided,till"
"perhaps,opted,even,n't,get,LS,ticket,age,91,big,deal,Honour,patriarch,n't,lost,mere,LS,ticket,It,'s,BJP,'s,thought,internal,matter,It,n't,bother,third,parties"
"Congratulations,wishing,best,win,Lok,Sabha,constituency"
"What,â€™,educational,qualification,professional,achievements,doctorate,I,mean,Just,popular,gets,become,minister,Kya,hoga,desh,ka"
"This,Con-Party,officially,declared,outfit,'Traitors,â€™,From,double,digitseats,LS,â€™,decent,single,digit"
"Pappu,took,anti-Modi,anti-India,stand,agencies,zeroed,family,It,impulsive,entire,party,parroted,line,Now,GOP,face,doom"
"Telling,note,ban,fuel,price,hike,create,angry,people,BJP"
"What,wonderful,decision,field,yet,Amethi,I,feel,1,lakh,vote,difference,2014,significantly,reduced,2019,May,brave,truthful,hardworking,leader,Triumph"
"president,address,public,rally,March,25"
"president,address,public,rally,March,24"
"My,opinion,Andhra,Lok,sabha,election,seat,sharing,...,TDP,12,YCP,11,BJP,01OTH,01"
"What,brainstorming,session/meeting,Today,learned,ignite,minds,Thank,u,4,considering,valid,suggestions,Sector,officers,Sir"
"Meet,Nihal,Chand,BJP,candidate,Rajasthan,alleged,rapist"
"For,Bhakt,uttering,words,NIKIL,YELLIDYAPPA,Only,answer,SHOBHA,YEDYURAPPA"
"My,best,wishes,BJP,Candidate,Karnataka,request,friends,support,vote"
"also,launching,special,election,emoji,aimed,encouraging,healthy,participation,election-related,discussions,encouraging,people,go,vote"
"welcomes,Election,Commission,India,â€™,SVEEP,Systematic,Voters,',Education,Electoral,Participation,Program,onboard,platform"
"Why,top,opposition,party,leaders,contesting,lok,Sabha,polls"
"When,Child,born,nobody,knows,Religion/Caste,Doctors/Hospital,Workers/,Friends,support,born,Children,unitedly,After,grown,poison,fed,learn,Caste/,Religion/Status,etc,When,Nature,punish,Human,unite,save,Why"
"The,voters,considering,voting,â€œ,â€,know,Morarji,Desai,led,coalition,nothing,common,except,hatred,Indira,Gandhi,â€™,Emergency,atrocities,That,government,lasted,2,years,126,days"
"Who,vote,Mangalore"
"VOTE,God,Politicians,promote,Terror,Even,Administration/,Legal/,Forces,need,support,enjoy,power/,benefits/,272,MP,elect,55,Ministers,55,Ministers,support,4,Ministers,decide,Indian,fate,without,brains,VOTE,save,India.Alert"
"shld,upload,details,Assets,All,The,CANDIDATES,ASAP,Lets,see,amassed,property,n,2,How,Many,Applications,filed,Netas,In"
"Congratulations,ji,He,completed,whole,work,whatever,promised,government,good,quality,promised,time"
"One,ji,advisor,Prof.,advice,Just,think,Vote"
"I,think,deserves,better,mentor,...,already,screwed,Rahul,â€™,...,exactly,2014,campaign,...,Surjewala,ji,Rahul,Ji,needs,concrete/,logical,poll,issues,...,completely,messed"
"President,Hyderabad,MP,Candidate,Barrister,Asaduddin,Paidal,Daura,Today,In,Divisions,Under,Constituency"
"â€™,need,opponent,like,â€™,senseless,trash,talking,leaders,enough,lose,ğŸ¤£ğŸ¤£"
"gets,opener,joins,saffron,party"
"à®•à®¿à®°à®¿à®•à¯à®•à¯†à®Ÿà¯,à®µà¯€à®°à®°à¯,à®•à®µà¯à®¤à®®à¯,à®•à®¾à®®à¯à®ªà¯€à®°à¯,à®ªà®¾à®œà®•à®µà®¿à®²à¯,à®‡à®£à¯ˆà®¨à¯à®¤à®¾à®°à¯,ğŸ˜€,An,Eminent,personality,join,BJP,today,Friday,22,March,12,Noon,BJP,HQ,6A,Deendayal,Upadhyay,Marg,New,Delhi"
"Cricketer,joins"
"Politically,brainless,Sam,Pitroda,appears,creates,instant,nail,Electoral,Coffin,party"
"Worst,footfalls,closing,'s,entire,Karnataka,business,affecting,huge,revenues,Yajamana,till,52,crore,Looks,like,wo,n't,beat,The,villain,collection"
"A,humble,request,Educated,Indian,voters,Please,Vote,'Really,Want,',Vote,lines,'We,Had,No,Choice,',Nobody,wants,act,'pity,',actually,foolishness"
"one,thing,notice,though,alliance,still,internally,support,Simply,look,candidates,Maharashtra,candidates,I,â€™,talking,terms,win"
"Only,time,Smt,spoke,LS,price,water,purifiers,affected,certain,decision,Gov,India,level,participation,House,extremely,sad,decided,field"
"Congratulations,Shri,got,ticket,coming,ğŸ’ğŸ’ğŸŒ¹"
"Suddenly,liberals,thriving,Advani,Ji,fight,elections,And,â€™,contested,lot,would,written,articles,people,certain,age,take,retirement,politics,à¤šà¥Œà¤•à¤¿à¤¦à¤¾à¤°,à¤šà¥‹à¤°à¥‹à¤‚,à¤¸à¥‡,à¤œà¥‹,à¤¨à¤¾,à¤•à¤°à¤µà¤¾,à¤¦à¥‡à¥¤"
"This,thread,understood,GST,saahab,Chuka,astil,tar,maaf,kara,Forgive,mistakes,Please,let,know,done,mistake"
"Former,Congress,corporator,rejoin,today,More,trouble,MP,frm,Mumbai,North,East,Seems,plan,set,drop,Chheda,contest,assembly,polls,Minister,Prakash,Mehta,Lok,Sabha"
"I,n't,think,even,one,percent,swing,election,voting,pattern,due,Twitter,rant,This,becoming,platform,vent,ones,anger,frustration"
"Who,win,time"
"If,yeddyurappa,'s,son,get,bjp,ticket,contest,elections,advani's,daughter,Present,top,brass,injustice,advani"
"Next,months,gon,na,roller,coaster,ride,interesting,interesting,back,back,excitement,Let,â€™,game,begin"
"Who,deserved,bjp,ticket,gandhi,nagar"
"Highlights,first,list,defensive,wants,secure,bastions,like,Gujarat,requesting,go,kill,bjp,crossing,160,'s"
"â€œ,If,PRO,antonym,CON,antonym,Progress,...,...,..,â€,Most,innovative,punchline,I,come,across,yet,What,heard"
"300+,seats,Con-Party,every,reason,worry,Go,Congis,go,ahead,parrot,Pakistan,lines"
"Best,wishes,ji,renominated,North,Central"
"Crush,Let,'s,play,Holi,Me,Wait,till,May,23"
"getting,interesting,dayday"
"Congratulations,â€™,Vijayi,bhava,Go,make,us,proud"
"mamata,declared,41,women,candidates,declared,50,Trinamool,expelled,criminals,strangers,BJP,candidate"
"We,strength,go,alone,Biharmaximum,seats,field,congress,workers,without,borrowed,tainted,candidates,RJD,never,let,us,grow,Bihar"
"Sources,told,exerted,tremendous,pressure,daughter,Late,CPM,SomnathChatterjee,stand,TMC,ticket,frm,Jadavpur,MimiChakraborty,last,min,picks,resisted,overtures"
"An,career,choice"
"Please,change,âœ‹,MAHARASHTRA,constituency,belongs,Sanghi,'s,Idiology,Please,please"
"National,Interest,without,prejudice,Defeat,every,working,Self,benefits,Conspiring,Lies,fueling,Chaos,Insulting,Forces,Defeat,Brigade"
"include,accused,Rape,Riot,Murderer,Is,something,else,â˜ºâ˜ºâ˜º"
"Now,CHEATING,initially,said,contestcopied/followed,decided,contestNow,today,declared,contest"
"Absolutely,fair,Mr,Advani,91+,...,Advaniji,announced,...,Anyways,right,step"
"Best,wishes,â€™,We,you.."
"Democracy==,Of,peopleFor,peopleBy,people"
"Hw,dare,Tamilisiai,tht,decided,contest,frm,TuticorinAftr,killing,unarmed,civilians,harrassing,college,girl,puking,hate,everywhere,Tuticorinhw,dare,chose,stand,der,I,going,make,sure,I,go,Tuticorin"
"All,best,Nitin,ji,Wishing,best,election,The,option,open,become,next,prime,minister,Waiting,good,alliance,With,regional,parties,Under,leadership"
"After,agonising,wait,announces,candidates,ten,seats,nominated,politically,sensitive,seat,represented,parliament,candidate"
"1952-66-Constituency,exist,1967-71-Somchandbhai,Solanki-Cong,1971-77-Somchandbhai,Solanki-Cong,Organization"
"announces,list,five,candidates,Chhattisgarh,â—,Surguja,ST,Renuka,Singh,â—,Raigarh,ST,Gomtee,Sai,â—,Janjgir,Champa,ST,Guharam,Ajgale,â—,Bastar,ST,Baiduram,Kashyap,â—,Kanker,ST,Mohan,Mandavi"
"officially,new,soon,voter,applied"
"Knowing,effort,ji,put,building,rapport,people,Amethirealised,68+,yrs,gave,...,think,win,Amethi"
"Prime,Minister,fight,retain,Varanasi,seat,President,make,debut,Gandhinagar"
"Congratulations,Best,Wishes,Shri,ji,contesting,elections,Secunderabad"
"Interesting,exclusions,Bangalore,SouthMumbai,North,East,Ladakh,I,would,expected,seats,set,especially,Bangalore,South"
"It,L,K,Advani,â€™,Political,Campaigns,Gandhinagar,since,years..,Now,take,leagcy,Forward"
"BJP,first,list,announced,Kalaburgi,Consistency,BJP,Candidate,Umesh,Jadhav"
"I,happy,self,fortunate,directly,giving,vote,President,Shri,..."
"Shahanwaaz,Hussain,'s,slogan,right,A,leader,without,voters,A,leader,without,party,ticket"
"The,TOP,3,News,This,follows,1,winning,clear,majority,350+,2,Banging,Door,Loksabha,biggest,ever,Victory,3,defeating,..."
"Shri,Standing,Sends,Out,clear,singnal,â€˜,next,vision,20,years,line,..,After,lead..,stay,atleast,next,25,years,ruling,party"
"Conratulations,dear,friend,Getting,BJP,Ticket,constituency"
"Tai,contest,constituency,I,wish,best,thank,entrusted,young,dynamic,leader,serve,Mumbai,This,shows,women,led,empowerment,believes"
"H.,Raja,BJP,contested,Sivaganga,1999,2014,lost,margin,24K,votes,3.45,lakh,votes,respectively,Let,'s,see,whether,time,succeeds"
"Agra,MP,dropped,almost,one,UP,first,list"
From
"List,20,states,Two,states,yet,announced,All,17,names,Bihar,approved,sent,state,unit,released,NDA,list,later-"
"says,first,list,184,candidates,covering,20,states"
"Is,Congress,winning,least,amethi,barely,Make,sure,Roots,get,water,still,5,years,soo"
"Chanakya,contest,Gandhinagar,Gujarat,ğŸ˜"
"It,â€™,vs,Amethi"
"Former,Chief,Junior,External,Affairs,Minister,contest,Lok,Sabha,seat,releases,list,182,candidates"
"Shri,contest"
"releases,first,list,182,candidates,Mumbai,north,Central"
"release,first,list,182,candidates,Smiti,contest,Amethi"
"Welcome,remarkable,stand,Shri,Advani,Ji,love,support,Great,example,set"
"Lk,Advani,dropped,chief,fight,polls,Gandhinagar"
"releases,first,list,182,candidates,contest,Nagpur,Gen,V,K,Singh,Ghaziabad,Hema,Malini,Mathura"
"Live,BJP,Candidates,Lok,Sabha"
"Mota,bhai,contest,Gandhinagar"
"release,first,list,182,candidates,Amit,Shah,Gandhi,Nagar,Rajnath,Singh,Lucknow"
"Amit,Shah,Contest,Gandhinagar"
contest
"BJP,announces,182,candidates,PM,contest,Varanasi,Amit,Shah,Gandhinagar"
"Election,Commissioner,Sahoo,TN,says,dat,dey,confiscated,13.9,Crores,Imagine,much,escaped,attention,Imagine,much,politicians,parties,included,without,exception,make,come,power"
"Respected,opposition,parties,please,focus,advancement,country,rather,thn,talking,defeating,BJP,guys,really,want,race,Loksabha,election,2019"
"The,UDF,Thursday,denied,'s,charge,``,unholy,nexus,'',asserted,going,win,20,seats,state,|,âš¡ï¸"
"It,â€™,really,sad,peopleasked,choose,ki,political,party,ki,political,party,secular,Urging,peoplechoose,Government,really,put,efforts,people"
"President,Hyderabad,MP,Candidate,Barrister,Asaduddin,Paidal,Daura,Campaign,Today,In,Assembly,Constituency"
"Will,win,election,Never,hopeless,Vote,SDPI"
"I,Support,SDPI"
"We,need,change,need,truth,need,SDPI"
"If,want,justice,If,want,freedom,If,want,security,So,vote,support"
"vote,secular,forces,fascism"
"Don,â€™,Go,Rebuilding,CONSTITUTIONGo,Following,CONSTITUTION"
"SVEEP,Cell,organised,Mobile,Apps,Pamphlets,distribution,New,bus,stand,Karaikal,help,ELC,members,Mother,Theresa,nursing,institute"
"Please,share,Tollfree,number,submit,suggestion,regarding,directly,india,Delhi"
"Nama,Nageswara,Rao,joined,TRS,today,presence,KTR,Khammam,candidate"
"This,film,good,indicator,results,The,number,footfalls,movie,roughly,number,votes,BJP,gets,election,ğŸ˜‚"
"politburo,member,former,MP,Nama,Nageswara,Rao,joined,TRS,today,presence,KTR,Nama,Khammam,candidate"
"BJP,might,contest,1st,phase,allğŸ˜€ğŸ˜"
"Floor,Leader,Janab,Akbaruddin,Paidal,Daura,In,Mohamed,Nagar,Ghouse,Nagar,Div,Under,Constituency"
"Win,lose,going,last,election,many,senior,politicians,Karnataka,known,many,good,things,As,concerned,citizen,I,would,say,``,Good,Riddance,'',But,person,I,wish,peaceful,meaningful,retired,life"
"Vote,bank,politics,full,stretch,election,I,urger,every,one,``,à¤¦à¤¿à¤–à¤¾à¤µà¥‡,à¤ªà¥‡,à¤¨à¤¾,à¤œà¤¾à¤“,à¤…à¤ªà¤¨à¥€,à¤…à¤•à¥à¤²,à¤²à¤—à¤¾à¤“,'',Wish,Happy,Holi"
"LIVE,|||,Floor,Leader,Janab,Akbaruddin,Paidal,Daura,In,Mohamed,Nagar,Ghouse,Nagar,Div,Under,Constituency"
"Country,enjoy,month,Wish,eco,friendly,avoiding,harmful,itching,sensations"
"Nationalism,bound,become,abused,term,upcoming"
"In,present,scenario,every,party,communal,people,India,know,So,please,n't,play,religion"
"I,know,people,going,judge,lately,started,making,sense,PM"
"Request,demand,political,parties,Post,respective,political,rallies,kindly,leaveplace,clean,good,like,others,leave"
"She,wants,Prime,minister,chair,n't,want,fight,Loksabha,election,What,kind,leadership"
"Heard,travelling,talking,vote,upcoming,Yaar,nahi..kyuki,unka,candidate,hai,aur,ke,comparison,mein,abhi,koi,nahi,hai.."
"The,fact,Bjp,website,2,weeks,They,still,havent,released,1st,candidate,list,Even,manifesto,BJP,aint,And,sums,fared,last,5yrs,governance"
"Election,Commission,India,Twitter,Follow"
"1st,phase,start,12,April,Andhra,Telangana,BJP,announced,single,candidate,Speaks,volumes,scared,Anyway,â€™,get,even,single,seat,BJP,big,Zero,South"
"Who,win"
"Mr,Modi,benefited,whenever,Congress,leaders,personally,attacks,Modi,indecent,word,From,beginning,Ms,Soniya,Gandhi,till,ChowkidarChor,hai,The,result,interesting"
"Before,'s,arrest,bring,back,shielding,blah,blah..,After,Congis,votes,blah,blah,...,Two,faced,assholes,live,display,ğŸ˜‚"
"LIVE,||,Floor,Leader,Janab,Akbaruddin,Paidal,Daura,In,Various,Area,'s,Of,Div,Under,Constituency"
"Intolerant,opposition,could,tolerate,'s,opportunities,2019,How,tollerate,demands,janta"
"Weapons,etc,etc,Weapons,endğŸ˜‚"
"Is,really,deal,Few,weeks,elections,feels,like,alien,timeline"
"This,time,increase,Female,voters,percentage,would,record,breaking,compared,past,elections,Just,wait,watch"
"BJP,field,K,Surendran,Another,constituency,look,Even,though,party,â€™,win,game,match,worth,watching"
"beginning,celebrating,colours,The,real,colour,would,matter,would,one,finger,nail,Go,vote,elections,..."
"Temple,Mazar/Mosque,religion/caste,based,politics,India,increased,recent,days,As,result,wedge,distrust,widened,people,India,Who,think,responsible"
"Those,saying,Modiji,â€˜,Vansh,â€™,correct,many,brothers,sisters,mothers,fathers,daughters,sons,likes,myself.We,always,stand,fight,achieve,goal,prosperous,Bharath"
"For,Secure,Of,Needy,People,'s,SDPIIs,Always,There,So,Vote,For,SDPI"
"Don,â€™,Go,Rebuilding,CONSTITUTIONGo,Following,CONSTITUTION"
"Vote,JUSTICE,Vote,SDPI"
"A,college,student,Varanasi,attacked,Congress,goons,wearing,t-shirt"
"How,'s,Chowkidar,Gem,sir"
"chief,contest"
"My,Ananysis,Why,Cong,'s,fighting,separately,boon,SP,alliance,bane,BJP,Coming,soon,...,...,...,...,..ğŸ˜ŠğŸ˜Š"
"President,Hyderabad,MP,Candidate,Barrister,Asaduddin,Paidal,Daura,Campaign,Today,In,Kamatipura,Assembly,Constituency"
"â€I,contest,says,tough,decisions,taken,â€"
"I,sure,hope,paying,enough,attention,tackle,â€˜,Behenji,Babua,â€™,concentrating,pseudo,oppo,â€™,<,blue,moon,>"
"Democracy,gift,us,ancestors,sacrificed,life,It,â€™,responsibility,give,better,version,Next,generation"
"Hiring,Adobe,Campaign,Technical,Consultant,|Mumbai,|Urgent,|team,||"
"Rupee,running,69,1,Dollar,almost,2013,Liberal,fake,economist,koi,comment,kr"
"Is,V,Who,right,wrong,Time,speak,If,Modiji,delivered,one,stop,none,bring,back"
"Unprecedented,win,dmk,big,threat,upcoming,state,elections,vote,share,deciding,factor,Rajinikanth"
"As,become,one,colors,mix,Holityohar,â€™,forget,put,one,indelible,color,finger,â€œ,desh,ka,maha,tyohar,â€,Happy,Holi"
"The,party,getting,even,10,seats,maharashtra,chief,talking,defeat,Modi,ji,amit,shah,ji,He,dsnt,want,contest,dsnt,want,modi,ji,win,kai,paije,tumhala,saheb"
"Elections,Sanskrit,Mantras,Didi,Pappu,â€™,way,ğŸ˜‚,weed,pakka"
"â€œ,No,one,stop,guide,anyone,go,place,worship,â€,Election,watch,ECI,asks,political,parties,use,places,worship,campaign,propaganda,Source,Scroll"
"Why,shd,cold,shouldered,past,stalwarts,mass,base,Kamaraj,feel,indebted,Shiela,Dixit,CM,4,Delhi15,yrs,made,weaker,n,Delhi"
"one,seat,bhumihar,bjp,well,Rjd,whole,bihar,let,'s,see,happen,..."
"It,good,see,supremo,campaigning,BJP,Electorally,beneficial,MNS,next,LS,polls,upcoming,state,assembly,elections,year"
"ECI,appoints,Sh,Shailendra,Handa,Madhu,Mahajan,Special,Expenditure,Observers,upcoming,Lok,Sabha,Elections,Maharashtra,Tamil,Nadu"
"I,'m,surprised,Chanakya,getting,tickets,Parliament,Constituency"
"Zafar,Ali,Naqvi,member,affluent,Naqvi,family,Congress,candidate,Kheri,His,son,Saif,Ali,Naqvi,MLA,candidate,Palia,Anita,Yadav,SP,extend,support,2017.,lost,~70k,votes"
"Can,political,party,realease,manifesto,pull,â€™,leg,..."
"candidate,Patna,Sahib,seat,Sources"
"Finally,Retired,Supreme,Court,judge,appointed,first,appointed,President,Great,move,leadership,made,Lokpal,Possible"
"BJP,declared,candidates,Chhattisgarh,state,n,10,existing,MP,â€™,names,r,removed,Mostly,names,r,existing,MLA,Vidhan,SabhaNovember,It,clearly,shows,scared,BJP,r,thts,given,tickets,Vidhan,Sabha"
"Tanuj,Punia,son,RS,MP,PL,Punia,Congress,candidate,Barabanki,~2017,Congress-,SP,ticket,Zaidpur,lost,BJP,The,family,strong,Mayawati,connection,1/2"
"Prediction,lose,7,lok,sabha,seats"
"'s,greatest,achievement,tenure,made,lakh,minutes"
"World,trolls,joker,even,big,fool,write,watchman,name,earn,votes,real,``,accidental,''"
"You,would,think,educated,people,voting,It,decided,illiterate,crassest,superstitious,Indians,know,laughing,way,bank"
"Proud,2,join"
"Choose,wisely,upcoming,seen,already,Modi,taken,advantage,Religion,created,negative,sentiment,among,Hindus,Muslims,We,Indians,need"
"Omwati,Devi,Jatav,Congress,candidate,Nagina,1985,Congress,MLA,1996,SP,MLA,2007,BSP,MLA/Minister,2014,BJP,national,working,committee,member,2019,Congress,ğŸ˜…ğŸ˜…,Husband,RK,Singh,former,principal,secretary,UP"
"The,word,election,definitely,'chowkidar,',...,...,.will,remain,seen,party,benefits,use/abuse"
"With,laziness,naivete,shown,I,surprised,retain,44,mark"
"Congress,Party,'s,candidate,Sitapur,Kaisar,Jahan,BSP,MP,Sitapur,2009,She,wife,Jasmir,Ansari,another,BSP,Neta,Both,expelled,BSP,2018,joined,Congress,March'19"
"In,30,minutes,packed,un-packed,everything,know,Indian,general,election,Great,job,team"
"Congress,Party,'s,Meerut,candidate,Harendra,Agarwal,son,former,CM,Banarsi,Das,Janata,Party,Janata,Party,gave,1st,non-Congress,PM,India"
"This,year,campaigning,Priyanka,Gandhi,Vadra,fall,sick,knee,jerk,media,attention,seeking,accident,happenFingers,crossed,lets,see,whats,',gon,na,happen"
"All,best,sir,ji"
"Will,Congress,go,AAP"
"Who,win,Amethi,seat"
"Who,going,Chief,Minister,Andhra,Pradesh,Let,'s,know,fever"
"How,would,poor,ones,get,employment,Politicians,becoming,Chowkidars,Billionaire,becoming,Farmers,......"
"Jolt,NCP,southern,Maharashtra,Vijaysinh,Mohite,Patil,â€™,son,Ranjitsinh,join,BJP,tomorrow"
"Election,Commission,India,ECI,issues,show,cause,notice,BJP,leader,Babul,Supriyo,MCC,violation,Commission,says,election,jingle,released,without,media,certification,reply,show,cause,notice,within,48,hours"
"Here,prediction,BJP,=180-190,INC,120-130,OTHERS,200-220"
"Lets,start,block,Vote"
"Elections,EVM,â€™,replace,Ballot,boxes,NOTA,amongst,choices,Rallies,thousand,miles,Speeches,different,styles"
"Not,Ramzan,I,concerned,polling,date,precedes,Good,Friday,may,yield,4,day,jumbo,weekend,I,hope,objective,large,turnout,vacations"
"Tough,scene,LDF,Won,â€™,easy,walkover,Kannur,Vadakara,Ernakulam,Even,Alappuzha,Trivandrum,put,enticing,match"
"4PM,PC,May,announce,candidate,22,seats,first..,Leaving,others,seat,ally.."
"says,jumped,politics,country,danger,How,see,Priyanka,'s,statement"
"Polling,time,extension,â€œ,Polling,happen,till,8:00pm,Madurai,lieu,local,festival,Chiththirai,Thiruvizha,â€,Election,Commissioner"
"covers,major,issues,faced,far,Well,done"
"Political,buzz,Rajasthan,Jodhpur,MP,union,minister,likely,named,president,time,replace"
"Good,see,kannada,hashtag,trending,India,Will,take,challenge,contest"
"President,Hyderabad,MP,Candidate,Barrister,Asaduddin,Paidal,Daura,Campaign,Today,In,Assembly,Constituency"
"Another,surgical,strike,ğŸ˜‚,takes,oath,almost,2am,shown,door,yet,ğŸ˜‚ğŸ˜‚,jaag,raha,hai,ğŸ™"
"Notification,97,LS,seats,issued,tday,including,39,14,Knatak,10,Maha,8,UP,2,JK,Nominations,begin,tdy,til,26/3,Scrutiny,27/3,withdrwl,til,29/3,Polling,April,18"
"Leave,abt,al,tat,happenin,outside,Alliance,air,strike,corruption,criminal,cases,media,etc.Just,think,wat,important,4livelihood,Electricity,water,health,education,kids,rice,door,step.think,govt,focused,al,4"
"A,Chowkidhar,one,keeps,following,away,keep,safe,*,Thieves,*,CONmen,*,Evil,persons"
"All,r,meaningless,ca,n't,see,brazen,attempt,legitimise,way,tum,nahin,Janta,hai"
"Which,'Trend,',u,r,part"
"Biggest,Fear,evil,forces,Nation,â€œ,SDPI,â€"
"I,think,indian,people,give,chance,I,100,sure,bring,back,original,india,back,us"
"Forget,support,notice,difference,tone,subject,PM,Modi,Gandhis,PM,Modi,makes,people,feel,good,country,positive,working,hard,India,The,Gandhis,tell,people,remember,poor"
"PM,Modi,wants,every,Indians,believe,indeed,chowkidar,mazdoor,chaiwala,pakodawala,election,times,But,acts,like,Saheb,five,years,working,Gujrati,capitalists,businessmen"
"While,trending,Pappu,supports,start,campaign,sure,shot,winğŸ˜‚ğŸ¤£"
"ReTweet,voteLike,vote"
"Thank,helping,reach,100,followers,I,literally,â€™,done,without"
"There,way,could,taken,river,routeBJP,come,make,route"
"What,'s,going,happen,ğŸ˜­"
"teach,lesson"
"With,arrest,IT,engineers,chanted,Modi,Modi,arrived,Bengaluru,Rahul,managed,ensure,even,HD,Deve,Gowda,lose,LS,seat,HDD,better,shift,Tumkur,contest"
"After,watching,survey,like,Hume,lagbhag,0,milega,ğŸ˜‚"
"In,Tamil,Nadu,party,create,impact,turn,new,wave,``,third,force,``,Crucial,question,More,come,Let,'s,gamebegin,You,learn,rules,game"
"Among,available,candidates,better,choose,best,available,candidate,instead,NOTAChoosing,NOTAhelps,worst,candidate,available,So,think,opting,NOTA"
"Congress,gain,massive,seats,Tamil,Nadu,2019,lokasabha,elections"
"want,right,challenging,youth,candidate"
"Among,opposition,seems,serious,All,opposition,parties,leaders,walked,perfectly,trap,set,..."
"Here,'s,caste,dynamics,affect,poll,prospects,3:48"
"Who,win,tamilnadu"
"I,support,SDP"
"Freedom,hunger,Freedom,fear"
"Democracy,election,daily,life,SDPI,hope"
"SDPI,choice,upcoming,lok,sabha,elections,2019,South,Karnataka,defeat,politics,hate"
"If,someone,corrects,feel,offended,problem,AND,corrected,someone,responses"
"The,irony,With,many,``,Chowkidars,'',holding,back,women,still,feels,unsafe,return,back,home,work,10,pm,city,termed,The,National,Capital"
"Acche,se,achha,bhi,bann,baittha,hai,Another,Big,time,..Useless,Face,saving,Campaign,nd,Failure,Team,ğŸ¤¦ğŸ½â€â™‚ï¸,C,â€™,mon,Does,One,Have,Serious,Issue,Country,nd,Citizen"
"In,South,India,sdpi,new,alternative,2019,election"
"entities,struggling,pay,salaries,urgent,need,white,paper,finances"
"Who,Win,Election,2019"
"Is,means,online,voting,ğŸ—³,election"
"Polling,time,extension,â€œ,Polling,happen,till,8:00pm,Madurai,lieu,local,festival,Chiththirai,Thiruvizha,â€,Election,Commissioner"
"PMK,announces,â€™,2nd,list,candidates,2,constituencies,remaining,Sriperumbudur,Vaithiyingam,Dindigul,K,Jothimuthu"
"announces,contest,independent,candidate"
"If,want,know,level,cheapness,vote,follow,Goa,today,Not,even,couple,hours,sad,demise,CM,people,started,claims,form,Govt"
"This,first,post,n,proudly,N,first,vote,I,always,cynical,abt,bt,nt,time,I,personally,campaign,among,close"
"called,chowkidar,efficient,work,worst,history,happened,Frm,350kg,explosives,came,state,highest,number,armed,forces,world"
"India,elections,gain,momentum,social,media,keyword,watch-,man,woman,PM,Modi,many,senior,leaders,supporters,seen,adding,word,profile,names,What,next,polls,battle,heats"
"Development,Vs,Corruption,Experience,Vs,Dynasty,Nation,First,Vs,Family,First,Direct,Benefit,Vs,Middle,Men,Strong,Decisive,Leadership,Vs,MahaMilawat,Believing,Army,Vs,Asking,proof,Chowkidars,Vs,Chors,Vs,ğŸ‡®ğŸ‡³"
"releases,list,candidates,',son,P,Ravindranath,Kumar,given,ticket,Theni,6,sitting,MPs,including,Thambidurai,Jayavardhan,fielded,Only,one,woman,candidate,sitting,MP,Maragadam,Kumaravel,nominated"
"All,hardcore,BJP,Congress,supporters,made,material,different,coating,They,give,excuse,mistakes,leaders,blame,opponent,everything,said,done"
"Till,I,got,calls,Saying,name,voters,list,Moti,bagh,meanwhile,knowing,vote,IP,Extension,But,today,taken,different,level,An,call,centre,employee,asked,vote,preference"
"President,announces,candidates,contest,Dayanidhi,Maran,gets,Central,Chennai,T,R,Baalu,fight,Sriperumbudur"
"I,hope,technical,glitch,EVM,Tampered,EVM,issue,resolved,winning,last,state,elections,I,want,ensure,nothing,fall,back,lose"
"Soon,Con-Party,AAP,prove,India,â€™,two,sides,coin"
"Earlier,used,'parachute,',candidates,represent,us,Rajya,Sabha...,...,...,.now,seems,need,represent,us,Lok,Sabha"
"Chaiwala,becomes,chowkidar,ab,badhega,aur,berojgaar,This,time,give,chance,Gadkari,sir"
